;Bloc;Métier;Emergent ou en tension ?;Référentiel métiers;Référentiel compétences;Niveau de qualification;Informations clés métier;Formations prioritaires;Métier;Compétences clés;Compétences transition alimentaire;Profils types;Contraintes fréquentes;Freins identifiés;Compétences RS transversales visées;Codes ROME (indicatifs);Secteurs employeurs cibles;Moteurs réglementaires / stratégiques;Taille / proxy de marché (FR/EU);;Bloc Oya;Sources;;;;;;;;;;;;;;;;;
1;Production agricole;Chargé·e de projet agroécologie & AU;?? Émergent;Non standardisé (proche ingénieur agro / chef projet);Gestion de projet, agroécologie, animation territoriale;Niveau 6–7;Métier en forte croissance (PAT, collectivités, ONG);Master agro / env + modules agroécologie & AU Oya;Chargé·e de projet agroécologie & AU;Gestion projet, coordination, agronomie;Agroécologie, systčmes alimentaires, résilience territoriale;Bac+5 en reconversion / ingénieur / ESS;Complexité multi-acteurs, financements publics;Manque de lisibilité métier, peu de postes;;;;;;;;;;;;;;;;;;;;;;;;;
1;Production agricole;Conseiller·čre technique agroécologie;?? Émergent;Chambres d’agriculture / BTSA;Conseil technique, diagnostic agroécologique;Niveau 5–6;Demande croissante (séparation vente/conseil, réglementations);BTSA + spécialisation agroécologie;Conseiller·čre technique agroécologie;Conseil agricole, diagnostic, accompagnement;Transition agroécologique, réduction intrants;Technicien agricole, conseiller chambre;Pression résultats, adaptation exploitants;Résistance au changement, dépendance modčle existant;Diagnostic agroécologique, modčles éco, suivi d’indicateurs;A1301, A1302;Collectivités, bailleurs, associations, exploitations;Plans climat/écolo, politiques alimentaires urbaines;Villes moyennes & métropoles;;Agriculture urbaine / agroécologie;OCAPIAT – “environnement & agroécologie”.;;;;;;;;;;;;;;;;;
1;Production agricole;Responsable logistique céréales / chef de silo;?? Émergent;BTS logistique / agricole;Gestion stockage, qualité grain, logistique;Niveau 5;Métier clé souveraineté alimentaire, peu visible;BTS logistique, BTSA, modules stockage Oya;Responsable logistique céréales / silo;Gestion stock, qualité grain, logistique;Souveraineté alimentaire, stockage stratégique;BTS logistique / agricole;Travail en horaires décalés, responsabilité forte;Métier peu attractif / méconnu;Diagnostic 360°, modélisation technico-éco, engagement de résultats;A1303, A1301;Coopératives, chambres, conseils indépendants;Évolution du conseil (post-séparation), baisse intrants;Trčs diffus (réseau coop & para-agri);;Conseil de transition (exploitations);OCAPIAT – “séparation vente/conseil”, “digitalisation des OAD”.;;;;;;;;;;;;;;;;;
1;Production agricole;Chargé·e de parcours volontariat agricole;?? Émergent;Non standardisé;Coordination, pédagogie, insertion;Niveau 5–6;Développement volontariat / wwoofing / tiers-lieux;Formations animation + modules Oya;Chargé·e parcours volontariat agricole;Coordination, pédagogie, organisation;Sensibilisation transition, agriculture durable;Animateur, éducateur, ESS;Gestion publics variés, instabilité financements;Manque reconnaissance métier;Supply chain, qualité/traçabilité, SI logistique;N1302, H2502;Coopératives grandes cultures, logistique;Multiplication des flux, exigences qualité/service;Métier stratégique filičres GC;;Logistique & supply;OCAPIAT – logistique = “maillon faible/stratégique”.;;;;;;;;;;;;;;;;;
1;Production agricole;Ouvrier agricole;?? Tension;RNCP CAPa;Gestes techniques agricoles, entretien cultures;Niveau 3;55% recrutements difficiles (France);CAPa, titres pro agricoles;Ouvrier agricole;Travail manuel, entretien cultures;Pratiques agricoles durables (bases);Peu qualifié / reconversion;Pénibilité, saisonnalité, salaire faible;Image métier dégradée;Conception de parcours, tutorat, badges;K1802, K2111;ESS, EPLEFPA, collectivités;LOSARGA – volontaire 18–35 ans;Flux ŕ calibrer régionalement;;(Lignes dédiées LOSARGA) Parcours jeunes;"Aligné LOSARGA ; appuis “territoires/transition” OCAPIAT.";;;;;;;;;;;;;;;;;
1;Production agricole;Maraîcher / maraîcher bio;?? Tension;CAPa / BPREA;Production végétale, circuits courts, agroécologie;Niveau 3–4;Forte tension en bio + circuits courts;CAPa, BPREA, modules agroécologie Oya;Maraîcher / bio;Production végétale, gestion cultures;Agroécologie, circuits courts, biodiversité;Reconversion / jeunes installés;Charge physique, revenus incertains;Accčs au foncier, complexité installation;;;;;;;;;;;;;;;;;;;;;;;;;
1;Production agricole;Éleveur;?? Tension;CAPa / BPREA;Conduite élevage, bien-ętre animal;Niveau 3–4;Métier en tension mais peu attractif (pénibilité);CAPa élevage, BPREA;Éleveur;Gestion élevage, santé animale;Bien-ętre animal, impact carbone;Agriculteur traditionnel ou reconversion;Travail 7j/7, isolement;Faible attractivité, pression économique;;;;;;;;;;;;;;;;;;;;;;;;;
1;Production agricole;Technicien agricole;?? Tension;BTSA;Suivi cultures, conseil technique;Niveau 5;Métier pivot (coopératives, chambres);BTSA agricole;Technicien agricole;Suivi cultures, conseil technique;Optimisation durable, transition systčmes;BTSA agricole;Pression performance, déplacements fréquents;Difficulté adaptation transition;;;;;;;;;;;;;;;;;;;;;;;;;
1;Production agricole;Technicien agroécologie;?? Émergent;BTSA;Diagnostic, transition systčmes agricoles;Niveau 5;Croissance liée transition écologique;BTSA + modules Oya;Technicien agroécologie;Diagnostic, expérimentation;Transition agroécologique, sols vivants;BTSA / licence pro;Manque de référentiels clairs;Métier encore émergent;;;;;;;;;;;;;;;;;;;;;;;;;
1;Production agricole;Technicien agriculture de précision;?? Émergent;BTSA / ingénieur;Data agricole, capteurs, pilotage cultures;Niveau 5–6;Forte croissance (numérisation agriculture);BTSA + modules agri-tech;Technicien agriculture de précision;Data agricole, outils numériques;Optimisation intrants, agriculture durable;Profil technique / digital;Besoin compétences hybrides;Complexité outils, coűt technologies;;;;;;;;;;;;;;;;;;;;;;;;;
1;Production agricole;Chef de culture;?? Tension;BPREA / BTSA;Planification cultures, management équipe;Niveau 4–5;Métier clé grandes exploitations;BPREA, BTSA;Chef de culture;Planification, management équipe;Intégration pratiques durables;Technicien expérimenté;Pression rendement, management terrain;Arbitrage rendement vs durabilité;;;;;;;;;;;;;;;;;;;;;;;;;
1;Production agricole;Responsable d’exploitation agricole;?? Émergent;BPREA;Gestion entreprise, stratégie, commercialisation;Niveau 4–5;1 800 exploitations ŕ reprendre/an;BPREA;Responsable exploitation;Gestion entreprise, stratégie;Modčles durables, circuits courts;Agriculteur expérimenté;Charge administrative, risques financiers;Difficulté rentabilité;;;;;;;;;;;;;;;;;;;;;;;;;
1;Production agricole;Tractoriste / conducteur d’engins;?? Tension;CAPa;Conduite engins, maintenance;Niveau 3;Forte demande grandes cultures;CAPa;Tractoriste;Conduite engins, maintenance;Optimisation ressources (faible niveau);Profil technique;Travail physique, horaires longs;Métier peu valorisé;;;;;;;;;;;;;;;;;;;;;;;;;
1;Production agricole;Agriculteur urbain / fermier urbain;?? Autre (émergent niche);Non standardisé;Production urbaine, circuits courts, pédagogie;Niveau 3–5;Métier en structuration (AU, tiers-lieux);CAPa + modules agriculture urbaine Oya;Agriculteur urbain;Production urbaine, polyvalence;Agriculture urbaine, circuits courts, pédagogie;Reconversion / jeunes urbains;Accčs foncier urbain, modčle économique fragile;Métier peu reconnu;;;;;;;;;;;;;;;;;;;;;;;;;
1;Production agricole;Animateur agriculture urbaine;?? Émergent;Non standardisé;Animation, pédagogie, production;Niveau 4–5;Développement associations / collectivités;Formations animation + modules Oya;Animateur agriculture urbaine;Animation, pédagogie, production;Sensibilisation alimentaire, écologie;Animateur, éducateur;Précarité emploi, dépendance subventions;Faible structuration métier;;;;;;;;;;;;;;;;;;;;;;;;;
1;Production agricole;Responsable tiers-lieu agricole;?? Émergent;Non standardisé;Gestion site, animation, modčle économique;Niveau 5–6;Forte croissance (tiers-lieux nourriciers);Gestion projet + modules Oya;Responsable tiers-lieu agricole;Gestion site, animation, modčle éco;Systčmes alimentaires locaux, ESS;Profil hybride (gestion + terrain);Complexité modčle économique;Multiplicité des compétences requises;;;;;;;;;;;;;;;;;;;;;;;;;
2;Transformation agroalimentaire & industries;Responsable transition durable en IAA (qualité/éco-conception);?? Émergent;Non standardisé (proche RSE/QHSE);Écoconception, ACV, stratégie ESG, qualité;Niveau 6–7;Forte croissance (CSRD, pression réglementaire UE);Master RSE / agro + modules écoconception Oya;Responsable transition durable en IAA;Écoconception, qualité, gestion projet;ACV, ESG, réduction impacts, circularité;Ingénieur / RSE / QHSE;Complexité réglementaire, reporting lourd;Manque de compétences hybrides;ACV simplifiée, plan d’action, reporting, conduite du changement;H1502, H1302;TPE/PME IAA, ETI, coopératives;Exigences aval/distributeurs, stratégie bas-carbone;Tissu dense de PME/ETI;;IAA durable / qualité;OCAPIAT – “mutation modčle coop”, “innovation”.;;;;;;;;;;;;;;;;;
2;Transformation agroalimentaire & industries;Opérateur de production agroalimentaire;?? Tension;RNCP CAP/BEP / titres pro;Production, hygične, sécurité;Niveau 3;7 métiers sur 10 en tension;CAP/BEP agroalimentaire, modules hygične;Opérateur de production agroalimentaire;Production, hygične, sécurité;Sensibilisation impacts (énergie, déchets);Peu qualifié / reconversion;Travail répétitif, horaires décalés;Faible attractivité;;;;;;;;;;;;;;;;;;;;;;;;;
2;Transformation agroalimentaire & industries;Conducteur de ligne;?? Tension;Titres pro / Bac pro;Pilotage machines, maintenance de base;Niveau 4;Forte demande industrie agroalimentaire;Bac pro / titres pro;Conducteur de ligne;Pilotage machines, maintenance;Optimisation ressources, réduction pertes;Bac pro / technicien;Responsabilité production, pression cadence;Complexité technique;;;;;;;;;;;;;;;;;;;;;;;;;
2;Transformation agroalimentaire & industries;Maintenance industrielle agro;?? Tension;BTS maintenance;Maintenance, électromécanique;Niveau 4–5;Métier critique (arręts production coűteux);BTS maintenance industrielle;Maintenance industrielle agro;Électromécanique, maintenance;Efficacité énergétique, optimisation équipements;BTS maintenance;Astreintes, urgences techniques;Manque de profils qualifiés;;;;;;;;;;;;;;;;;;;;;;;;;
2;Transformation agroalimentaire & industries;Data analyst agro/agri;?? Émergent;Non standardisé;Analyse données, supply chain, data;Niveau 6–7;Croissance (traçabilité, IA, supply chain);Master data / agro + modules Oya;Data analyst agro/agri;Analyse données, modélisation;Traçabilité, optimisation supply chain durable;Bac+5 data / ingénieur;Besoin compétences techniques élevées;Manque de profils hybrides agro/data;Gouvernance des données, OAD, tableaux de bord;M1805, M1806;Coopératives, IAA, plateformes logistiques;Traçabilité, OAD, e-commerce;Croissance des data métiers;;Data / traçabilité / IA;OCAPIAT – “digitalisation – OAD – robotique”.;;;;;;;;;;;;;;;;;
2;Transformation agroalimentaire & industries;Technicien agroalimentaire;?? Tension;BTSA STA;Procédés, qualité, production;Niveau 5;Métier pivot industrie agro;BTSA STA;Technicien agroalimentaire;Procédés, qualité, production;Réduction impacts, optimisation procédés;BTSA / licence pro;Travail en industrie, contraintes hygične;Image industrie peu attractive;;;;;;;;;;;;;;;;;;;;;;;;;
2;Transformation agroalimentaire & industries;Responsable qualité / QHSE;?? Tension;BTS / Master QHSE;HACCP, normes, sécurité;Niveau 5–7;Forte pression réglementaire;BTS QHSE, Master qualité;Responsable qualité / QHSE;Normes, HACCP, gestion risques;Sécurité alimentaire + durabilité;BTS / Master QHSE;Pression réglementaire, audits;Complexité normes;;;;;;;;;;;;;;;;;;;;;;;;;
2;Transformation agroalimentaire & industries;Responsable production agroalimentaire;?? Tension;Ingénieur / BTS;Management production, optimisation;Niveau 5–7;Métier clé industrie agro;BTSA + école ingénieur;Responsable production agroalimentaire;Management, production, optimisation;Décarbonation, optimisation ressources;Ingénieur / technicien senior;Pression performance, management équipes;Arbitrage coűt vs durabilité;;;;;;;;;;;;;;;;;;;;;;;;;
2;Transformation agroalimentaire & industries;Responsable décarbonation site;?? Émergent;Non standardisé;Énergie, carbone, stratégie climat;Niveau 6–7;Forte croissance (transition énergétique);Master énergie / climat + modules Oya;Responsable décarbonation site;Énergie, stratégie climat;Bilan carbone, trajectoires bas carbone;Ingénieur énergie / climat;Complexité technique, investissements lourds;Données incomplčtes;;;;;;;;;;;;;;;;;;;;;;;;;
2;Transformation agroalimentaire & industries;Responsable sécurité alimentaire;?? Tension;QHSE / agro;HACCP, réglementation, contrôle qualité;Niveau 5–6;Enjeu critique santé publique;BTSA, QHSE;Responsable sécurité alimentaire;HACCP, réglementation;Lien santé publique / qualité durable;QHSE / agro;Forte responsabilité juridique;Stress, pression conformité;;;;;;;;;;;;;;;;;;;;;;;;;
2;Transformation agroalimentaire & industries;Chargé ACV (analyse cycle de vie);?? Émergent;Non standardisé;ACV, écoconception, data environnementale;Niveau 6–7;Métier en forte croissance (affichage environnemental);Master environnement + modules ACV;Chargé ACV;Analyse cycle de vie, écoconception;Empreinte carbone, eau, biodiversité;Master environnement;Complexité méthodologique;Manque de données fiables;;;;;;;;;;;;;;;;;;;;;;;;;
2;Transformation agroalimentaire & industries;Ingénieur agroalimentaire;?? Autre;Diplôme ingénieur;Procédés, R&D, innovation;Niveau 7;Métier stable, structurant secteur;École ingénieur agro;Ingénieur agroalimentaire;Procédés, R&D, innovation;Innovation durable, nouveaux produits;École ingénieur;Pression innovation, compétitivité;Manque formation transition;;;;;;;;;;;;;;;;;;;;;;;;;
2;Transformation agroalimentaire & industries;Responsable atelier transformation local;?? Autre (différenciant);Non standardisé;Transformation, circuits courts, gestion atelier;Niveau 4–6;Développement circuits courts / relocalisation;CAP/BTS + modules Oya;Responsable atelier transformation local;Transformation, gestion atelier;Circuits courts, relocalisation, low-tech;Reconversion / artisan;Modčle économique fragile;Rentabilité difficile;;;;;;;;;;;;;;;;;;;;;;;;;
2;Transformation agroalimentaire & industries;Responsable RSE agroalimentaire;?? Émergent;Non standardisé;ESG, CSRD, stratégie durable;Niveau 6–7;Explosion demande (réglementation UE);Master RSE + modules Oya;Responsable RSE agroalimentaire;ESG, stratégie, reporting;CSRD, chaîne de valeur, durabilité;Bac+5 RSE / management;Complexité réglementaire;Métier encore flou;;;;;;;;;;;;;;;;;;;;;;;;;
3;Logistique, distribution & circuits courts;Chef·fe de projet circuits courts & approvisionnement local;?? Émergent;Non standardisé (proche chef de projet / logistique);Gestion projet, sourcing local, coordination acteurs;Niveau 6;Développement PAT, relocalisation alimentaire;Master logistique / dev territorial + modules Oya;Chef·fe de projet circuits courts & approvisionnement local;Gestion projet, coordination acteurs, sourcing;Circuits courts, relocalisation, systčmes alimentaires territoriaux;Bac+5 (ESS, agro, territoire);Complexité multi-acteurs, dépendance financements publics;Manque de structuration du secteur;Cartographie offre-demande, marchés publics, traçabilité, KPI;K1802, M1402;Collectivités, centrales d’achat, coopératives, plateformes;Politiques locales/PAT, clauses environnementales;Diffusion nationale (réseaux coop & collectivités);;Circuits courts & logistique;OCAPIAT – “territoires & souveraineté”, “logistique” (maillon clé).;;;;;;;;;;;;;;;;;
3;Logistique, distribution & circuits courts;Logisticien / agent logistique;?? Tension;CAP/BEP logistique;Gestion stock, manutention, flux;Niveau 3;Secteur en tension structurelle;CAP logistique;Logisticien / agent logistique;Gestion stock, manutention;Sensibilisation flux alimentaires;CAP/BEP / reconversion;Travail physique, horaires décalés;Faible attractivité;;;;;;;;;;;;;;;;;;;;;;;;;
3;Logistique, distribution & circuits courts;Préparateur de commandes;?? Tension;CAP/BEP;Picking, gestion commandes;Niveau 3;Forte demande e-commerce et alimentaire;CAP/BEP logistique;Préparateur de commandes;Picking, organisation commandes;Réduction pertes, gestion produits frais;Peu qualifié;Travail répétitif, cadence élevée;Métier peu valorisé;;;;;;;;;;;;;;;;;;;;;;;;;
3;Logistique, distribution & circuits courts;Logisticien;?? Tension;BTS logistique;Organisation flux, transport;Niveau 4–5;Métier pivot supply chain;BTS logistique;Logisticien;Organisation flux, transport;Optimisation flux, circuits courts;BTS logistique;Pression délais, complexité flux;Manque de formation durable;;;;;;;;;;;;;;;;;;;;;;;;;
3;Logistique, distribution & circuits courts;Chauffeur / livreur;?? Tension;Permis pro / CAP;Conduite, livraison, relation client;Niveau 3;Forte demande (dernier km);Permis pro + CAP;Chauffeur / livreur;Conduite, relation client;Logistique dernier km, impact carbone;CAP / permis pro;Horaires longs, pression livraison;Pénibilité, salaire;;;;;;;;;;;;;;;;;;;;;;;;;
3;Logistique, distribution & circuits courts;Responsable entrepôt;?? Tension;BTS / licence pro;Gestion stock, management équipe;Niveau 5–6;Métier clé logistique alimentaire;BTS logistique;Responsable entrepôt;Gestion stock, management équipe;Optimisation stockage, réduction pertes;BTS / licence pro;Responsabilité forte, pression performance;Difficulté recrutement;;;;;;;;;;;;;;;;;;;;;;;;;
3;Logistique, distribution & circuits courts;Responsable supply chain;?? Autre (structurant);Master logistique;Pilotage chaîne logistique, optimisation;Niveau 6–7;Métier stratégique industrie & distribution;Master supply chain;Responsable supply chain;Pilotage global, optimisation;Supply chain durable, traçabilité;Master logistique;Complexité systčmes, pression coűts;Arbitrage coűt vs durabilité;;;;;;;;;;;;;;;;;;;;;;;;;
3;Logistique, distribution & circuits courts;Gestionnaire de flux;?? Tension;BTS logistique;Planification flux, optimisation;Niveau 4–5;Forte tension industrie/logistique;BTS logistique;Gestionnaire de flux;Planification, optimisation flux;Réduction gaspillage, efficacité logistique;BTS;Pression opérationnelle;Métier peu visible;;;;;;;;;;;;;;;;;;;;;;;;;
3;Logistique, distribution & circuits courts;Responsable distribution;?? Autre;BTS / Master;Organisation réseau distribution;Niveau 5–6;Métier classique grande distribution;BTS / Master;Responsable distribution;Organisation réseau, stratégie;Distribution durable, circuits courts;BTS / Master;Pression commerciale;Arbitrage rentabilité vs durabilité;;;;;;;;;;;;;;;;;;;;;;;;;
3;Logistique, distribution & circuits courts;Responsable logistique circuits courts;?? Émergent;Non standardisé;Coordination producteurs, logistique locale;Niveau 5–6;Forte croissance circuits courts;BTS + modules Oya;Responsable logistique circuits courts;Coordination producteurs, logistique locale;Circuits courts, territorialisation;BTS / licence / reconversion;Complexité coordination locale;Manque outils logistiques adaptés;;;;;;;;;;;;;;;;;;;;;;;;;
3;Logistique, distribution & circuits courts;Chargé logistique bas carbone;?? Émergent;Non standardisé;Décarbonation transport, optimisation flux;Niveau 6;Croissance (transition énergétique);Master logistique durable + modules Oya;Chargé logistique bas carbone;Analyse flux, optimisation transport;Décarbonation, énergie, transport durable;Bac+5 logistique / environnement;Complexité technique, données insuffisantes;Manque de compétences spécialisées;;;;;;;;;;;;;;;;;;;;;;;;;
3;Logistique, distribution & circuits courts;Responsable supply chain durable;?? Émergent;Non standardisé;ESG, supply chain, stratégie climat;Niveau 6–7;Forte demande entreprises (CSRD);Master supply chain + RSE;Responsable supply chain durable;ESG, stratégie supply chain;Traçabilité, décarbonation, impact global;Bac+5;Complexité réglementaire (CSRD);Données fournisseurs insuffisantes;;;;;;;;;;;;;;;;;;;;;;;;;
3;Logistique, distribution & circuits courts;Coordinateur plateforme alimentaire territoriale;?? Émergent;Non standardisé;Coordination acteurs, logistique territoriale;Niveau 5–6;Développement plateformes locales (PAT);Formations dev territorial + modules Oya;Coordinateur plateforme alimentaire territoriale;Coordination, gestion plateforme;Systčmes alimentaires locaux, résilience;ESS / collectivités;Multiplicité acteurs, modčle fragile;Manque de financements pérennes;;;;;;;;;;;;;;;;;;;;;;;;;
3;Logistique, distribution & circuits courts;Responsable drive fermier;?? Autre (différenciant);Non standardisé;Gestion plateforme, relation producteurs;Niveau 4–5;Croissance circuits courts numériques;BTS commerce / logistique + modules Oya;Responsable drive fermier;Gestion plateforme, relation producteurs;Circuits courts, e-commerce alimentaire;BTS / reconversion;Logistique complexe, marges faibles;Difficulté rentabilité;;;;;;;;;;;;;;;;;;;;;;;;;
3;Logistique, distribution & circuits courts;Gestionnaire flux alimentaires locaux;?? Émergent;Non standardisé;Logistique locale, coordination;Niveau 4–5;Métier en structuration;BTS logistique;Gestionnaire flux alimentaires locaux;Organisation flux locaux;Relocalisation alimentaire;BTS / technicien;Manque infrastructures locales;Métier encore émergent;;;;;;;;;;;;;;;;;;;;;;;;;
3;Logistique, distribution & circuits courts;Coordinateur circuits courts;?? Émergent;Non standardisé;Animation réseau, coordination, distribution;Niveau 5–6;Forte croissance ESS / agriculture locale;Formations ESS + modules Oya;Coordinateur circuits courts;Animation réseau, coordination;Circuits courts, ESS, territorialisation;Bac+5 / ESS;Coordination complexe, dépendance acteurs;Manque structuration filičre;;;;;;;;;;;;;;;;;;;;;;;;;
4;Restauration & métiers de bouche;Responsable / chargé·e de restauration collective durable;?? Émergent;BTS / Master restauration;Gestion menus, achats durables, nutrition;Niveau 5–6;Forte croissance (loi Egalim, restauration collective);BTS hôtellerie + modules Oya;Responsable / chargé·e de restauration collective durable;Gestion site, menus, achats, management;Menus durables, Egalim, nutrition, circuits courts;Bac+3/+5, reconversion secteur public;Contraintes budgétaires, réglementation forte;Manque de formation spécifique durable;Sourcing local, menus bas-carbone, suivi & reporting;G1404;Éducation, santé, social, administrations, entreprises;Achats durables, lutte anti-gaspi, traçabilité;Tous segments de la restauration collective;;Restauration collective durable;OCAPIAT – impacts “territoires”, “logistique”, “RSE”.;;;;;;;;;;;;;;;;;
4;Restauration & métiers de bouche;Responsable achats durables;?? Émergent;Non standardisé (proche achat/logistique);Sourcing responsable, négociation, RSE;Niveau 6;Demande croissante (collectivités, grands groupes);Master achats + modules Oya;Responsable achats durables;Sourcing, négociation, gestion fournisseurs;Approvisionnement local, bio, traçabilité;Bac+5 achats / logistique;Arbitrage coűt vs durabilité;Difficulté ŕ trouver fournisseurs adaptés;;;;;;;;;;;;;;;;;;;;;;;;;
4;Restauration & métiers de bouche;Responsable anti-gaspillage;?? Émergent;Non standardisé;Gestion déchets, optimisation production;Niveau 4–6;Développement lié réglementation anti-gaspi;Formations économie circulaire + modules Oya;Responsable anti-gaspillage;Analyse pertes, optimisation production;Réduction gaspillage, économie circulaire;BTS / Bac+5 environnement;Changement pratiques internes;Résistance équipes;;;;;;;;;;;;;;;;;;;;;;;;;
4;Restauration & métiers de bouche;Cuisinier / chef cuisinier;?? Tension;CAP Cuisine;Techniques culinaires, organisation cuisine;Niveau 3–5;50% recrutements difficiles;CAP cuisine, HACCP;Cuisinier / chef cuisinier;Techniques culinaires, organisation cuisine;Cuisine durable, végétalisation, saisonnalité;CAP / reconversion;Horaires contraignants, pression service;Pénibilité, salaires;;;;;;;;;;;;;;;;;;;;;;;;;
4;Restauration & métiers de bouche;Responsable restauration collective;?? Tension;BTS hôtellerie;Gestion site, équipes, budget;Niveau 5–6;Secteur en tension (cantines, santé, scolaire);BTS hôtellerie-restauration;Responsable restauration collective;Gestion site, management, budget;Intégration durable (Egalim, nutrition);BTS / Bac+3;Pression coűts, gestion équipes;Complexité réglementation;;;;;;;;;;;;;;;;;;;;;;;;;
4;Restauration & métiers de bouche;Aide cuisine;?? Tension;CAP;Préparation, hygične, aide production;Niveau 3;Forte demande, faible qualification requise;CAP cuisine;Aide cuisine;Préparation, hygične;Sensibilisation anti-gaspillage;Peu qualifié;Travail répétitif, cadence élevée;Faible attractivité;;;;;;;;;;;;;;;;;;;;;;;;;
4;Restauration & métiers de bouche;Serveur;?? Tension;CAP / formation courte;Service client, organisation salle;Niveau 3;Métier trčs en tension (turnover élevé);CAP restauration;Serveur;Service client, organisation salle;Sensibilisation clients (produits durables);Peu qualifié / étudiant;Horaires décalés, stress;Turnover élevé;;;;;;;;;;;;;;;;;;;;;;;;;
4;Restauration & métiers de bouche;Boulanger;?? Tension;CAP Boulanger;Fabrication pains, gestion production;Niveau 3–4;Forte demande artisanale;CAP boulangerie;Boulanger;Fabrication pains, gestion production;Produits bio, circuits courts, qualité matičres;CAP / artisan;Travail de nuit, pénibilité;Recrutement difficile;;;;;;;;;;;;;;;;;;;;;;;;;
4;Restauration & métiers de bouche;Boucher;?? Tension;CAP Boucher;Découpe viande, hygične, conseil client;Niveau 3–4;Métier en tension structurelle;CAP boucher;Boucher;Découpe, préparation viande;Bien-ętre animal, consommation responsable;CAP / artisan;Travail physique, image métier;Désaffection métier;;;;;;;;;;;;;;;;;;;;;;;;;
4;Restauration & métiers de bouche;Chef de projet alimentation durable;?? Émergent;Non standardisé;Gestion projet, nutrition, politiques alimentaires;Niveau 6;Croissance collectivités / ONG;Master + modules Oya;Chef de projet alimentation durable;Gestion projet, coordination;Politiques alimentaires, nutrition, durabilité;Bac+5;Complexité multi-acteurs;Métier encore flou;;;;;;;;;;;;;;;;;;;;;;;;;
4;Restauration & métiers de bouche;Artisan des métiers de bouche;?? Autre;CAP / BP métiers de bouche;Production artisanale, gestion activité;Niveau 3–4;Forte attractivité reconversion;CAP, BP;Artisan métiers de bouche;Production artisanale, gestion activité;Qualité produit, local, durable;CAP/BP / reconversion;Charge travail, gestion entreprise;Rentabilité fragile;;;;;;;;;;;;;;;;;;;;;;;;;
4;Restauration & métiers de bouche;Restaurateur engagé;?? Autre (différenciant);Non standardisé;Gestion restaurant, sourcing durable, modčle éthique;Niveau 4–6;Forte croissance (locavore, bio, durable);CAP/BTS + modules Oya;Restaurateur engagé;Gestion restaurant, management;Circuits courts, bio, menus durables;Reconversion / entrepreneur;Modčle économique fragile;Coűts élevés, marges faibles;;;;;;;;;;;;;;;;;;;;;;;;;
5;Nutrition, santé & consommation;Diététicien / nutritionniste;?? Croissance;BTS Diététique;Nutrition, santé publique, conseil;Niveau 5–6;Demande en hausse (maladies chroniques);BTS diététique;Diététicien / nutritionniste;Nutrition, santé publique, conseil;Nutrition durable, régimes bas carbone;BTS / Bac+3/+5;Cadre réglementé, responsabilités santé;Formation longue, cadre rigide;;;;;;;;;;;;;;;;;;;;;;;;;
5;Nutrition, santé & consommation;Conseiller en alimentation durable;?? Émergent;Non standardisé;Nutrition, environnement, pédagogie;Niveau 5–6;Croissance (transition alimentaire, collectivités);BTS + modules Oya;Conseiller en alimentation durable;Conseil, pédagogie, animation;Systčmes alimentaires, nutrition durable;Bac+3/+5, reconversion;Métier peu structuré;Manque reconnaissance;;;;;;;;;;;;;;;;;;;;;;;;;
5;Nutrition, santé & consommation;Chargé de programme nutrition;?? Émergent;Non standardisé;Gestion projet, santé publique;Niveau 6;Développement ONG / collectivités;Master santé publique;Chargé de programme nutrition;Gestion projet, santé publique;Prévention nutrition, alimentation durable;Bac+5 santé publique;Complexité projets publics;Dépendance financements;;;;;;;;;;;;;;;;;;;;;;;;;
6;Économie circulaire & environnement;Animateur santé / alimentation;?? Émergent;BPJEPS / animation;Pédagogie, sensibilisation, nutrition;Niveau 4–5;Forte présence associations / collectivités;BPJEPS + modules Oya;Animateur santé / alimentation;Animation, pédagogie;Sensibilisation alimentaire durable;BPJEPS / reconversion;Précarité, terrain exigeant;Faible valorisation métier;;;;;;;;;;;;;;;;;;;;;;;;;
6;Économie circulaire & environnement;Agent de tri / valorisation biodéchets;?? Tension;CAP / titres pro;Tri, manutention, gestion déchets;Niveau 3;Obligations tri ŕ la source (2024);CAP environnement;Agent de tri / valorisation biodéchets;Tri, manutention;Gestion biodéchets, circularité;Peu qualifié;Travail physique, répétitif;Image métier dégradée;;;;;;;;;;;;;;;;;;;;;;;;;
6;Économie circulaire & environnement;Technicien compostage;?? Émergent;Certifications spécifiques;Compostage, gestion biodéchets;Niveau 3–4;Métier en forte croissance;Formations ADEME / Oya;Technicien compostage;Compostage, gestion déchets;Boucles organiques, fertilité sols;CAP / certification;Travail terrain, conditions variables;Métier encore peu connu;Diagnostic flux, plan de réduction, gouvernance, suivi d’impact;H1302, M1402;Collectivités, IAA, GMS, restauration, ESS;Prévention déchets, valorisation sous-produits;Marché transversal (collecte, tri, valorisation);;Économie circulaire & biodéchets;OCAPIAT – “environnement”, “innovation & transfert”.;;;;;;;;;;;;;;;;;
6;Économie circulaire & environnement;Coordinateur économie circulaire & anti-gaspi;?? Émergent;Non standardisé;Gestion projet, économie circulaire;Niveau 5–6;Forte croissance (collectivités, entreprises);Master environnement + modules Oya;Coordinateur économie circulaire & anti-gaspi;Gestion projet, coordination;Circularité, réduction gaspillage;Bac+5 env / ESS;Complexité multi-acteurs;Manque structuration filičre;;;;;;;;;;;;;;;;;;;;;;;;;
6;Économie circulaire & environnement;Chargé de mission économie circulaire;?? Émergent;Non standardisé;ACV, circularité, stratégie déchets;Niveau 6;Développement réglementaire (AGEC);Master env / économie circulaire;Chargé de mission économie circulaire;Analyse, stratégie déchets;ACV, économie circulaire;Bac+5;Complexité réglementaire;Manque données;;;;;;;;;;;;;;;;;;;;;;;;;
6;Économie circulaire & environnement;Animateur déchets alimentaires;?? Émergent;Non standardisé;Sensibilisation, pédagogie, terrain;Niveau 4–5;Développement ESS / collectivités;Formations animation + modules Oya;Animateur déchets alimentaires;Animation, sensibilisation;Anti-gaspillage, pédagogie;BPJEPS / reconversion;Travail terrain, publics variés;Métier peu valorisé;;;;;;;;;;;;;;;;;;;;;;;;;
6;Économie circulaire & environnement;Conseiller compostage;?? Émergent;Certifications RCC;Compostage, formation, accompagnement;Niveau 4;Métier en croissance rapide;Réseau Compost Citoyen;Conseiller compostage;Formation, accompagnement;Compostage, économie circulaire;Certification spécifique;Activité locale dépendante;Marché fragmenté;;;;;;;;;;;;;;;;;;;;;;;;;
7;Gouvernance, politiques publiques & transition;Responsable RSE / développement durable;?? Émergent;Non standardisé;ESG, CSRD, stratégie durable;Niveau 6–7;Forte demande entreprises (réglementation UE);Master RSE + modules Oya;Responsable RSE / développement durable;ESG, stratégie, reporting;CSRD, transition alimentaire;Bac+5 management / env;Complexité réglementaire;Manque compétences techniques;Diagnostic territorial, gouvernance multi-acteurs, plan d’action, indicateurs;K1802, K1404;Collectivités, EPCI, agences para-publiques, associations;Politiques alimentaires territoriales, achats durables;Large réseau de collectivités & EPCI;;Gouvernance territoriale / PAT;OCAPIAT – tendances “territoires & souveraineté”, “RSE”, “logistique”.;;;;;;;;;;;;;;;;;
7;Gouvernance, politiques publiques & transition;Chef·fe de projet Transition alimentaire territoriale (PAT);?? Émergent;Non standardisé;Coordination, politiques publiques, alimentation;Niveau 6–7;Explosion PAT en France;Master politiques publiques + modules Oya;Chef·fe de projet Transition alimentaire territoriale (PAT);Coordination, gestion projet;Systčmes alimentaires territoriaux;Bac+5;Multi-acteurs, dépendance politique;Manque lisibilité métier;;;;;;;;;;;;;;;;;;;;;;;;;
7;Gouvernance, politiques publiques & transition;Chargé de mission alimentation durable;?? Émergent;Non standardisé;Gestion projet, nutrition, territoire;Niveau 6;Forte croissance collectivités;Master env / alimentation;Chargé de mission alimentation durable;Gestion projet, analyse;Nutrition + environnement + territoire;Bac+5;Complexité projets publics;Financements instables;;;;;;;;;;;;;;;;;;;;;;;;;
7;Gouvernance, politiques publiques & transition;Consultant transition alimentaire;?? Émergent;Non standardisé;Conseil, stratégie, systčme alimentaire;Niveau 6–7;Marché en structuration (cabinets, ONG);Master + modules Oya;Consultant transition alimentaire;Conseil, stratégie;Vision systémique, transformation;Bac+5;Nécessité expertise forte;Marché encore émergent;;;;;;;;;;;;;;;;;;;;;;;;;
7;Gouvernance, politiques publiques & transition;Responsable politique publique alimentaire;?? Émergent;Fonction publique;Stratégie, réglementation, pilotage;Niveau 7;Métier stratégique collectivités / État;Master politiques publiques;Responsable politique publique alimentaire;Pilotage, stratégie publique;Régulation systčmes alimentaires;Bac+5–7;Cadre institutionnel rigide;Lenteur décisionnelle;;;;;;;;;;;;;;;;;;;;;;;;;
8;Transversale;Chef de projet territorial;?? Autre (structurant);Master dev territorial;Gestion projet, coordination acteurs, politiques publiques;Niveau 6;Métier clé collectivités / PAT / ESS;Master développement territorial;Chef de projet territorial;Gestion projet, coordination;Intégration enjeux alimentaires;Bac+5;Complexité gouvernance;Multiplicité acteurs;Protocoles d’essais, capitalisation, déploiement;H1206, K2108;Coopératives, instituts, start-ups agri;Besoin d’alternatives (bio-contrôle, pratiques);Présent dans toutes filičres;;Innovation & essais;OCAPIAT – “innovation, expérimentation, transfert”.;;;;;;;;;;;;;;;;;
8;Transversale;Chargé·e d’expérimentation / transfert;?? Émergent;Recherche appliquée / ingénieur;Expérimentation, innovation, diffusion;Niveau 6–7;Lien recherche ? terrain (INRAE, agro);Master agro / innovation;Chargé·e d’expérimentation / transfert;Innovation, expérimentation;Diffusion pratiques agroécologiques;Bac+5–7;Incertitude résultats;Manque valorisation;Stratégie éditoriale, veille, gestion de crise;E1103, M1403;Coopératives, interprofessions, collectivités;“Čre de com” & agribashing;Tous bassins;;Communication & crise;OCAPIAT – “čre de communication”, “gestion de crise”.;;;;;;;;;;;;;;;;;
8;Transversale;Community manager / chargé·e com’ & gestion de crise;?? Autre;Communication digitale;Stratégie com, réseaux sociaux, gestion crise;Niveau 5–6;Importance croissante (image, transparence alimentaire);BTS / Master communication;Community manager / com’ & crise;Communication, digital;Sensibilisation alimentation durable;Bac+3–5;Pression image, gestion crise;Instabilité métier;Diagnostics carbone, montage projets, concertation;H1303, M1806;Coopératives, territoires, développeurs ENR;Décarbonation, valorisation biomasse;Projets territoriaux multi-acteurs;;Climat & énergie;OCAPIAT – “réchauffement climatique”.;;;;;;;;;;;;;;;;;
8;Transversale;Référent·e bas-carbone / énergies (métha/PV);?? Émergent;Non standardisé;Énergie, carbone, gestion projets ENR;Niveau 6;Croissance forte (transition énergétique agricole);Master énergie / climat;Référent bas-carbone / énergies;Énergie, carbone, projets ENR;Décarbonation systčmes alimentaires;Bac+5;Complexité technique;Manque données fiables;Ingénierie FOAD, qualité, traçabilité des acquis;K2111, K1404;EPLEFPA/CFPPA/CFA;LOSARGA – L.811-8 (2° bis);Réseau national EPLEFPA;;(Lignes dédiées LOSARGA) Gouvernance formation;"Aligné LOSARGA ; besoins opérationnels corroborés par OCAPIAT (compétences transverses).";;;;;;;;;;;;;;;;;
8;Transversale;Coordinateur·rice centre FC & apprentissage (EPLEFPA);?? Émergent;Formation pro agricole;Coordination formation, ingénierie pédagogique;Niveau 5–6;Métier clé structuration formation agricole;Formations pédagogiques + gestion;Coordinateur centre formation (EPLEFPA);Ingénierie pédagogique, gestion;Formation transition alimentaire;Bac+5;Complexité administrative;Manque innovation pédagogique;Contractualisation, QA, RGPD/IP, ingénierie;M1402, K1404;Écoles sup. agricoles/véto/paysage;LOSARGA – L.812-4 & L.812-12;Selon régions/écoles;;(Lignes dédiées LOSARGA) Supérieur agricole;"Aligné LOSARGA ; besoins de compétences transverses OCAPIAT.";;;;;;;;;;;;;;;;;
8;Transversale;Chef·fe de projet conventions public–privé;?? Émergent;Non standardisé;Partenariats, négociation, ingénierie formation;Niveau 6–7;Croissance (co-diplômes, EdTech, hybridation);Master management / partenariat;Chef de projet conventions public–privé;Partenariats, négociation;Hybridation formation / territoire;Bac+5–7;Complexité juridique;Temps long montage projets;;;;;;;;;;;;;;;;;;;;;;;;;
8;Transversale;Responsable RSE;?? Émergent;Non standardisé;ESG, stratégie durable, reporting CSRD;Niveau 6–7;Forte demande entreprises (réglementation UE);Master RSE + modules Oya;Responsable RSE (transversal);ESG, stratégie entreprise;Transition globale systčmes alimentaires;Bac+5;Reporting complexe;Métier encore flou;;;;;;;;;;;;;;;;;;;;;;;;;
